{
    "game1": {
        "user": "mno",
        "size": "12x30",
        "level": "3",
        "gen": "Kanto",
        "device": "Mouse",
        "score": 1150
    },
    "game2": {
        "user": "stu",
        "size": "9x16",
        "level": "2",
        "gen": "Joto",
        "device": "Keyboard",
        "score": 1000
    },
    "game3": {
        "user": "yz",
        "size": "12x30",
        "level": "5",
        "gen": "Kanto",
        "device": "Mouse",
        "score": 900
    },
    "game4": {
        "user": "ghi",
        "size": "8x8",
        "level": "2",
        "gen": "Joto",
        "device": "Mouse",
        "score": 1200
    },
    "game5": {
        "user": "abc",
        "size": "8x8",
        "level": "5",
        "gen": "Kanto",
        "device": "Keyboard",
        "score": 1000
    },
    "game6": {
        "user": "xyz",
        "size": "9x16",
        "level": "3",
        "gen": "Kanto",
        "device": "Mouse",
        "score": 950
    },
    "game7": {
        "user": "vwx",
        "size": "12x30",
        "level": "1",
        "gen": "Joto",
        "device": "Mouse",
        "score": 1300
    },
    "game8": {
        "user": "pqr",
        "size": "9x16",
        "level": "1",
        "gen": "Kanto",
        "device": "Keyboard",
        "score": 1150
    },
    "game9": {
        "user": "def",
        "size": "9x16",
        "level": "2",
        "gen": "Joto",
        "device": "Keyboard",
        "score": 900
    },
    "game10": {
        "user": "jkl",
        "size": "8x8",
        "level": "1",
        "gen": "Kanto",
        "device": "Keyboard",
        "score": 1200
    },
    "game11": {
        "user": "ghi",
        "size": "9x16",
        "level": "5",
        "gen": "Joto",
        "device": "Mouse",
        "score": 1050
    },
    "game12": {
        "user": "yz",
        "size": "9x16",
        "level": "1",
        "gen": "Joto",
        "device": "Keyboard",
        "score": 1300
    },
    "game13": {
        "user": "def",
        "size": "12x30",
        "level": "1",
        "gen": "Joto",
        "device": "Mouse",
        "score": 1150
    },
    "game14": {
        "user": "abc",
        "size": "9x16",
        "level": "1",
        "gen": "Kanto",
        "device": "Mouse",
        "score": 950
    },
    "game15": {
        "user": "mno",
        "size": "8x8",
        "level": "2",
        "gen": "Kanto",
        "device": "Keyboard",
        "score": 1300
    },
    "game16": {
        "user": "jkl",
        "size": "9x16",
        "level": "5",
        "gen": "Joto",
        "device": "Mouse",
        "score": 1000
    },
    "game17": {
        "user": "stu",
        "size": "12x30",
        "level": "1",
        "gen": "Kanto",
        "device": "Keyboard",
        "score": 1200
    },
    "game18": {
        "user": "pqr",
        "size": "8x8",
        "level": "3",
        "gen": "Kanto",
        "device": "Mouse",
        "score": 1150
    },
    "game19": {
        "user": "vwx",
        "size": "9x16",
        "level": "3",
        "gen": "Joto",
        "device": "Mouse",
        "score": 1050
    },
    "game20": {
        "user": "xyz",
        "size": "8x8",
        "level": "2",
        "gen": "Kanto",
        "device": "Keyboard",
        "score": 950
    },
    "game21": {
        "user": "yz",
        "size": "12x30",
        "level": "1",
        "gen": "Kanto",
        "device": "Mouse",
        "score": 1300
    },
    "game22": {
        "user": "abc",
        "size": "12x30",
        "level": "1",
        "gen": "Joto",
        "device": "Keyboard",
        "score": 900
    },
    "game23": {
        "user": "ghi",
        "size": "8x8",
        "level": "1",
        "gen": "Kanto",
        "device": "Mouse",
        "score": 1200
    },
    "game24": {
        "user": "def",
        "size": "9x16",
        "level": "2",
        "gen": "Kanto",
        "device": "Keyboard",
        "score": 1150
    },
    "game25": {
        "user": "pqr",
        "size": "12x30",
        "level": "1",
        "gen": "Joto",
        "device": "Mouse",
        "score": 950
    },
    "game26": {
        "user": "xyz",
        "size": "9x16",
        "level": "5",
        "gen": "Kanto",
        "device": "Keyboard",
        "score": 1000
    },
    "game27": {
        "user": "yz",
        "size": "8x8",
        "level": "1",
        "gen": "Joto",
        "device": "Keyboard",
        "score": 1300
    },
    "game28": {
        "user": "stu",
        "size": "8x8",
        "level": "3",
        "gen": "Joto",
        "device": "Mouse",
        "score": 1150
    },
    "game29": {
        "user": "abc",
        "size": "12x30",
        "level": "1",
        "gen": "Kanto",
        "device": "Mouse",
        "score": 900
    },
    "game30": {
        "user": "def",
        "size": "9x16",
        "level": "3",
        "gen": "Kanto",
        "device": "Keyboard",
        "score": 1000
    }

}
