{
    "2": {
        "name": "dqwdas",
        "bg": "image_background/image_game_4.jpg",
        "size": [
            8,
            8
        ],
        "gen": 2,
        "device": 1,
        "board": [
            [
                0,
                0,
                0,
                0,
                0,
                0,
                0,
                0,
                0,
                0
            ],
            [
                0,
                5,
                36,
                23,
                26,
                11,
                27,
                28,
                34,
                0
            ],
            [
                0,
                14,
                25,
                30,
                9,
                15,
                12,
                8,
                32,
                0
            ],
            [
                0,
                19,
                5,
                27,
                12,
                2,
                22,
                7,
                25,
                0
            ],
            [
                0,
                33,
                28,
                23,
                19,
                34,
                15,
                22,
                31,
                0
            ],
            [
                0,
                30,
                33,
                10,
                16,
                36,
                7,
                17,
                1,
                0
            ],
            [
                0,
                10,
                0,
                24,
                26,
                4,
                31,
                21,
                14,
                0
            ],
            [
                0,
                4,
                0,
                16,
                21,
                32,
                9,
                1,
                11,
                0
            ],
            [
                0,
                0,
                0,
                0,
                0,
                24,
                8,
                2,
                17,
                0
            ],
            [
                0,
                0,
                0,
                0,
                0,
                0,
                0,
                0,
                0,
                0
            ]
        ],
        "level": 2,
        "lives": 3,
        "game_time": 240,
        "time_bonus": 3,
        "start_time": 19.179961919784546
    },
    "1": {
        "name": "asd",
        "bg": "image_background/image_game_4.jpg",
        "size": [
            8,
            8
        ],
        "gen": 1,
        "device": 1,
        "board": [
            [
                0,
                0,
                0,
                0,
                0,
                0,
                0,
                0,
                0,
                0
            ],
            [
                0,
                13,
                4,
                22,
                10,
                28,
                13,
                29,
                3,
                0
            ],
            [
                0,
                16,
                17,
                36,
                9,
                17,
                11,
                25,
                36,
                0
            ],
            [
                0,
                3,
                8,
                15,
                6,
                31,
                32,
                27,
                5,
                0
            ],
            [
                0,
                21,
                29,
                5,
                16,
                14,
                14,
                33,
                6,
                0
            ],
            [
                0,
                20,
                23,
                11,
                24,
                32,
                9,
                27,
                7,
                0
            ],
            [
                0,
                23,
                33,
                4,
                2,
                8,
                19,
                31,
                7,
                0
            ],
            [
                0,
                30,
                22,
                10,
                1,
                30,
                21,
                28,
                35,
                0
            ],
            [
                0,
                15,
                25,
                20,
                2,
                35,
                19,
                24,
                1,
                0
            ],
            [
                0,
                0,
                0,
                0,
                0,
                0,
                0,
                0,
                0,
                0
            ]
        ],
        "level": 3,
        "lives": 3,
        "game_time": 340,
        "time_bonus": 0,
        "start_time": 5.392472267150879
    },
    "10": {
        "name": "asd",
        "bg": "image_background/image_game_4.jpg",
        "size": [
            8,
            8
        ],
        "gen": 1,
        "device": 1,
        "board": [
            [
                0,
                0,
                0,
                0,
                0,
                0,
                0,
                0,
                0,
                0
            ],
            [
                0,
                13,
                4,
                22,
                10,
                28,
                13,
                29,
                3,
                0
            ],
            [
                0,
                16,
                17,
                36,
                9,
                17,
                11,
                25,
                36,
                0
            ],
            [
                0,
                3,
                8,
                15,
                6,
                31,
                32,
                27,
                5,
                0
            ],
            [
                0,
                21,
                29,
                5,
                16,
                14,
                14,
                33,
                6,
                0
            ],
            [
                0,
                20,
                23,
                11,
                24,
                32,
                9,
                27,
                7,
                0
            ],
            [
                0,
                23,
                33,
                4,
                2,
                8,
                19,
                31,
                7,
                0
            ],
            [
                0,
                30,
                22,
                10,
                1,
                30,
                21,
                28,
                35,
                0
            ],
            [
                0,
                15,
                25,
                20,
                2,
                35,
                19,
                24,
                1,
                0
            ],
            [
                0,
                0,
                0,
                0,
                0,
                0,
                0,
                0,
                0,
                0
            ]
        ],
        "level": 3,
        "lives": 3,
        "game_time": 340,
        "time_bonus": 0,
        "start_time": 14.492583751678467
    }
}