{
    "0": {
        "name": "aaa",
        "bg": "image_background/image_game_4.jpg",
        "size": [
            8,
            8
        ],
        "gen": 0,
        "device": 0,
        "board": [
            [
                0,
                0,
                0,
                0,
                0,
                0,
                0,
                0,
                0,
                0
            ],
            [
                0,
                15,
                21,
                4,
                26,
                32,
                24,
                35,
                7,
                0
            ],
            [
                0,
                32,
                20,
                23,
                13,
                33,
                30,
                27,
                0,
                0
            ],
            [
                0,
                11,
                4,
                24,
                25,
                22,
                25,
                9,
                19,
                0
            ],
            [
                0,
                29,
                31,
                29,
                30,
                19,
                11,
                27,
                26,
                0
            ],
            [
                0,
                2,
                14,
                9,
                18,
                12,
                23,
                3,
                0,
                0
            ],
            [
                0,
                12,
                31,
                20,
                7,
                18,
                34,
                6,
                35,
                0
            ],
            [
                0,
                17,
                33,
                10,
                5,
                10,
                6,
                14,
                34,
                0
            ],
            [
                0,
                22,
                13,
                5,
                15,
                3,
                21,
                2,
                17,
                0
            ],
            [
                0,
                0,
                0,
                0,
                0,
                0,
                0,
                0,
                0,
                0
            ]
        ],
        "level": 0,
        "lives": 3,
        "game_time": 240,
        "time_bonus": 1,
        "start_time": 53.22306942939758
    },
    "0": {
        "name": "aaa",
        "bg": "image_background/image_game_4.jpg",
        "size": [
            8,
            8
        ],
        "gen": 0,
        "device": 0,
        "board": [
            [
                0,
                0,
                0,
                0,
                0,
                0,
                0,
                0,
                0,
                0
            ],
            [
                0,
                15,
                21,
                4,
                26,
                32,
                24,
                35,
                7,
                0
            ],
            [
                0,
                32,
                20,
                23,
                13,
                33,
                30,
                27,
                0,
                0
            ],
            [
                0,
                11,
                4,
                24,
                25,
                22,
                25,
                9,
                19,
                0
            ],
            [
                0,
                29,
                31,
                29,
                30,
                19,
                11,
                27,
                26,
                0
            ],
            [
                0,
                2,
                14,
                9,
                18,
                12,
                23,
                3,
                0,
                0
            ],
            [
                0,
                12,
                31,
                20,
                7,
                18,
                34,
                6,
                35,
                0
            ],
            [
                0,
                17,
                33,
                10,
                5,
                10,
                6,
                14,
                34,
                0
            ],
            [
                0,
                22,
                13,
                5,
                15,
                3,
                21,
                2,
                17,
                0
            ],
            [
                0,
                0,
                0,
                0,
                0,
                0,
                0,
                0,
                0,
                0
            ]
        ],
        "level": 0,
        "lives": 3,
        "game_time": 240,
        "time_bonus": 1,
        "start_time": 62.362900495529175
    }
}